Athlete_ID,Athlete_Name,Country,Gender,Age,Sport,Previous_Olympics,Training_Hours_Per_Week,Altitude_Training_m,Body_Fat_Pct,VO2max,Reaction_Time_ms,Career_Injuries,World_Cup_Points_Preseason,Country_GDP_per_capita,Winter_Sport_Tradition_Index,Medal,Reaction_Time_Missing,WorldCup_Points_Missing,Experience_Index,VO2max_BodyFat_Efficiency,GDP_Tradition_Composite,Medal_Binary
MC26_1001,Ben Ogden,USA,M,26,Cross-Country,1,35.6,1687,8.9,91.5,NA,1,356,80000,0.82,Silver,TRUE,FALSE,35.6,10.280898876404494,6.56,Medal
MC26_1002,Loic Meillard,SUI,M,30,Alpine Skiing,3,22.9,2289,13.9,71.4,208,1,977,93000,0.93,Gold,FALSE,FALSE,68.69999999999999,5.136690647482014,8.649,Medal
MC26_1003,Francesca Lollobrigida,ITA,F,35,Speed Skating,1,29,394,10.1,82.6,189,3,416,38000,0.82,Gold,FALSE,FALSE,29,8.178217821782178,3.1159999999999997,Medal
MC26_1004,Maria Nilsson,FRA,F,43,Ski Jumping,4,26.2,1239,9.1,59.3,183,2,801,48000,0.87,None,FALSE,FALSE,104.8,6.516483516483516,4.176,None
MC26_1005,Nils Lewis,GER,M,20,Short Track,0,20.2,67,12.3,63.1,187,2,393,52000,0.88,None,FALSE,FALSE,0,5.130081300813008,4.576,None
MC26_1006,Daniel Gruber,NED,M,20,Alpine Skiing,1,20.9,2307,11.8,74.8,178,5,251,62000,0.85,None,FALSE,FALSE,20.9,6.338983050847457,5.27,None
MC26_1007,Shaun White,USA,M,40,Snowboard,2,18.1,1678,9.6,57.6,244,3,573,80000,0.82,None,FALSE,FALSE,36.2,6,6.56,None
MC26_1008,Rasmus Davis,AUS,M,37,Speed Skating,5,25.9,258,9.5,74.1,161,3,NA,65000,0.22,None,FALSE,TRUE,129.5,7.8,1.43,None
MC26_1009,Mia Thomas,CZE,F,41,Speed Skating,0,26.6,153,11.4,76.9,168,1,370,28000,0.64,None,FALSE,FALSE,0,6.745614035087719,1.792,None
MC26_1010,Nathan Fischer,FIN,M,43,Short Track,0,23.9,96,9,72.1,146,4,549,53000,0.9,None,FALSE,FALSE,0,8.011111111111111,4.77,None
MC26_1011,Alyssa White,ITA,F,36,Ice Hockey,4,29.4,22,9,62.4,194,2,NA,38000,0.82,Gold,FALSE,TRUE,117.6,6.933333333333334,3.1159999999999997,Medal
MC26_1012,Kayla Keller,AUT,F,26,Biathlon,2,37.8,1813,10.5,89.5,192,3,1233,56000,0.92,Gold,FALSE,FALSE,75.6,8.523809523809524,5.152,Medal
MC26_1013,Eileen Gu,CHN,F,23,Freestyle Skiing,4,21.1,1676,12.5,62,211,4,797,13000,0.62,Bronze,FALSE,FALSE,84.4,4.96,0.806,Medal
MC26_1014,Nina Smith,SWE,F,34,Freestyle Skiing,3,19.8,1480,15.3,61,216,5,241,56000,0.91,None,FALSE,FALSE,59.400000000000006,3.986928104575163,5.096,None
MC26_1015,Alyssa Clark,SWE,F,26,Cross-Country,5,33,1256,11.4,85.7,NA,0,NA,56000,0.91,None,TRUE,TRUE,165,7.517543859649122,5.096,None
MC26_1016,Tobias Robinson,NED,M,36,Cross-Country,1,32.6,1885,10.2,85.1,NA,1,431,62000,0.85,None,TRUE,FALSE,32.6,8.343137254901961,5.27,None
MC26_1017,Martin Nyenget,NOR,M,34,Cross-Country,4,36.2,1655,10.3,89.8,NA,2,146,95000,0.97,Gold,TRUE,FALSE,144.8,8.718446601941746,9.215,Medal
MC26_1018,Valerie Maltais,CAN,F,36,Speed Skating,5,29.5,25,11.1,70.4,NA,2,1223,55000,0.88,Gold,TRUE,FALSE,147.5,6.342342342342343,4.84,Medal
MC26_1019,Elena White,GER,F,21,Bobsleigh,1,25.9,1124,13.5,62.2,176,1,244,52000,0.88,None,FALSE,FALSE,25.9,4.607407407407408,4.576,None
MC26_1020,Pierre Wilson,CZE,M,35,Freestyle Skiing,0,21.8,1653,13.9,55.1,212,6,563,28000,0.64,None,FALSE,FALSE,0,3.964028776978417,1.792,None
MC26_1021,Jordan Stolz,USA,M,22,Speed Skating,1,31.8,296,10,83.1,157,0,NA,80000,0.82,Gold,FALSE,TRUE,31.8,8.309999999999999,6.56,Medal
MC26_1022,Ryan Muller,USA,M,23,Alpine Skiing,1,21.6,2269,12.5,65.7,NA,4,1022,80000,0.82,None,TRUE,FALSE,21.6,5.256,6.56,None
MC26_1023,Nina Smith,USA,F,21,Ice Hockey,1,27.5,131,11.8,65,NA,8,NA,80000,0.82,None,TRUE,TRUE,27.5,5.508474576271186,6.56,None
MC26_1024,Nicolas Bernard,NZL,M,21,Short Track,2,26.4,295,11.6,73.8,161,2,133,50000,0.32,None,FALSE,FALSE,52.8,6.362068965517241,1.6,None
MC26_1025,Anna Swenn Larsson,SWE,F,32,Alpine Skiing,4,28.6,1975,10.6,73.7,176,3,964,56000,0.91,Bronze,FALSE,FALSE,114.4,6.952830188679246,5.096,Medal
MC26_1026,Leon Johnson,CZE,M,24,Biathlon,4,27.9,1353,14,82.6,168,2,1105,28000,0.64,Silver,FALSE,FALSE,111.6,5.8999999999999995,1.792,Medal
MC26_1027,Agnes Clark,NZL,F,24,Speed Skating,0,31.1,140,8.6,76.2,173,0,156,50000,0.32,None,FALSE,FALSE,0,8.860465116279071,1.6,None
MC26_1028,Ava Gruber,SLO,F,39,Alpine Skiing,1,20.6,2102,12.4,61.9,190,2,921,32000,0.56,None,FALSE,FALSE,20.6,4.991935483870967,1.792,None
MC26_1029,Ingrid Muller,CZE,F,23,Ski Jumping,0,25.15,837,8.5,59.8,219,1,859,28000,0.64,None,FALSE,FALSE,0,7.035294117647059,1.792,None
MC26_1030,Amelia Murray,SWE,F,26,Short Track,1,23.3,228,11.4,70.2,150,3,590,56000,0.91,None,FALSE,FALSE,23.3,6.157894736842105,5.096,None
MC26_1031,Kyle Moore,ITA,M,34,Short Track,5,27.2,172,8.6,72.3,162,3,203,38000,0.82,None,FALSE,FALSE,136,8.406976744186046,3.1159999999999997,None
MC26_1032,Ebba Andersson,SWE,F,29,Cross-Country,1,36.6,1202,10.9,96,NA,2,360,56000,0.91,Gold,TRUE,FALSE,36.6,8.807339449541285,5.096,Medal
MC26_1033,Pierre Bauer,USA,M,43,Curling,0,15.6,42,18.7,43.2,NA,2,NA,80000,0.82,None,TRUE,TRUE,0,2.310160427807487,6.56,None
MC26_1034,Miho Takagi,JPN,F,32,Speed Skating,4,30.1,153,14,83,192,2,948,35000,0.74,Silver,FALSE,FALSE,120.4,5.928571428571429,2.59,Medal
MC26_1035,Isabella Hansen,FIN,F,31,Short Track,3,29.5,227,11.7,74.4,NA,0,631,53000,0.9,Bronze,TRUE,FALSE,88.5,6.3589743589743595,4.77,Medal
MC26_1036,Niklas Edin,SWE,M,41,Curling,4,18.5,107,21.3,52.3,NA,2,NA,56000,0.91,Silver,TRUE,TRUE,74,2.4553990610328635,5.096,Medal
MC26_1037,Andrei Johansson,CAN,M,41,Snowboard,2,24.9,1872,9.1,61.8,220,2,922,55000,0.88,None,FALSE,FALSE,49.8,6.791208791208791,4.84,None
MC26_1038,Hilary Knight,USA,F,37,Ice Hockey,1,29,14,12.4,69.4,174,1,NA,80000,0.82,Gold,FALSE,TRUE,29,5.596774193548387,6.56,Medal
MC26_1039,Emily Walker,HUN,F,26,Freestyle Skiing,3,17.8,2139,11.2,54.2,238,2,406,22000,0.26,None,FALSE,FALSE,53.400000000000006,4.839285714285714,0.572,None
MC26_1040,Ava Thompson,HUN,F,20,Speed Skating,2,25.6,153,12.6,67.1,177,3,870,22000,0.26,None,FALSE,FALSE,51.2,5.325396825396825,0.572,None
MC26_1041,Matt Johnson,SUI,M,33,Alpine Skiing,1,22.1,1835,11.3,65.7,216,2,1024,93000,0.93,None,FALSE,FALSE,22.1,5.814159292035398,8.649,None
MC26_1042,Sofia Harris,KOR,F,27,Cross-Country,2,34.6,1410,11.4,95.9,NA,0,1120,35000,0.71,Silver,TRUE,FALSE,69.2,8.412280701754387,2.485,Medal
MC26_1043,Johannes Dale-Skjevdal,NOR,M,27,Biathlon,3,32.7,1708,13,79.8,NA,3,303,95000,0.97,Gold,TRUE,FALSE,98.10000000000001,6.138461538461538,9.215,Medal
MC26_1044,Agnes Lewis,AUT,F,42,Curling,5,14.6,79,22.9,44.7,NA,1,NA,56000,0.92,None,TRUE,TRUE,73,1.9519650655021836,5.152,None
MC26_1045,Kristin Schmidt,CAN,F,22,Ice Hockey,1,26.3,124,10,65.4,181,3,NA,55000,0.88,None,FALSE,TRUE,26.3,6.540000000000001,4.84,None
MC26_1046,Choi Gaon,KOR,F,19,Snowboard,3,25.7,1857,16.4,61,256,1,505,35000,0.71,Gold,FALSE,FALSE,77.1,3.7195121951219514,2.485,Medal
MC26_1047,Ivanie Blondin,CAN,F,36,Speed Skating,5,28.7,132,8.2,85.7,194,2,295,55000,0.88,Gold,FALSE,FALSE,143.5,10.451219512195124,4.84,Medal
MC26_1048,Mikael Walker,FRA,M,33,Ski Jumping,2,20.4,1033.5,9.7,54.6,220,1,908,48000,0.87,None,FALSE,FALSE,40.8,5.628865979381444,4.176,None
MC26_1049,Harper Koch,POL,F,38,Biathlon,3,33.4,1734,12.3,83.7,187,2,1118,20000,0.42,None,FALSE,FALSE,100.19999999999999,6.804878048780488,0.84,None
MC26_1050,Jens Johnson,CZE,M,25,Ski Jumping,2,19.4,607,10.3,57.1,204,4,151,28000,0.64,None,FALSE,FALSE,38.8,5.543689320388349,1.792,None
MC26_1051,Kaitlyn Thompson,USA,F,41,Alpine Skiing,2,20.1,2336,10.5,57.3,219,4,971,80000,0.82,None,FALSE,FALSE,40.2,5.457142857142857,6.56,None
MC26_1052,Stefan Jensen,KOR,M,25,Bobsleigh,1,21.5,542,10.3,59.8,NA,1,138,35000,0.71,None,TRUE,FALSE,21.5,5.805825242718446,2.485,None
MC26_1053,Isabelle Weidemann,CAN,F,31,Speed Skating,3,29.7,15,12.8,83.1,167,2,599,55000,0.88,Gold,FALSE,FALSE,89.1,6.492187499999999,4.84,Medal
MC26_1054,Connor McDavid,CAN,M,29,Ice Hockey,4,23.7,189,9.2,64.9,192,7,NA,55000,0.88,Silver,FALSE,TRUE,94.8,7.054347826086958,4.84,Medal
MC26_1055,Metodej Jilek,CZE,M,20,Speed Skating,5,28.8,39,13.2,81.3,177,0,1244,28000,0.64,Gold,FALSE,FALSE,144,6.159090909090909,1.792,Medal
MC26_1056,Natalie Geisenberger,GER,F,38,Luge,3,27.5,1434,12.8,66.5,177,0,NA,52000,0.88,Gold,FALSE,TRUE,82.5,5.1953125,4.576,Medal
MC26_1057,Evelyn Andersen,CHN,F,32,Ice Hockey,2,23.3,89,9,62.4,163,7,NA,13000,0.62,None,FALSE,TRUE,46.6,6.933333333333334,0.806,None
MC26_1058,Ryan Thomas,SWE,M,23,Alpine Skiing,4,24.5,2062,12,67.5,210,2,792,56000,0.91,None,FALSE,FALSE,98,5.625,5.096,None
MC26_1059,Fukada Mari,JPN,F,20,Snowboard,2,22,1674,9.6,61.2,210,3,381,35000,0.74,Gold,FALSE,FALSE,44,6.375000000000001,2.59,Medal
MC26_1060,Federica Brignone,ITA,F,36,Alpine Skiing,4,22.8,1912,9.1,69.8,198,1,696,38000,0.82,Gold,FALSE,FALSE,91.2,7.670329670329671,3.1159999999999997,Medal
MC26_1061,Mikael Steiner,FIN,M,37,Speed Skating,1,31,160,9.9,86.4,161,0,266,53000,0.9,Bronze,FALSE,FALSE,31,8.727272727272728,4.77,Medal
MC26_1062,Henrik Petersen,USA,M,40,Biathlon,4,31.8,1966,11.6,72.8,NA,0,969,80000,0.82,None,TRUE,FALSE,127.2,6.275862068965517,6.56,None
MC26_1063,Tyler Andersen,NOR,M,39,Alpine Skiing,3,20.1,2340,12,57.6,205,4,208,95000,0.97,None,FALSE,FALSE,60.300000000000004,4.8,9.215,None
MC26_1064,Olivia Moore,NOR,F,39,Cross-Country,1,33.6,1412,8.2,84.4,NA,0,556,95000,0.97,None,TRUE,FALSE,33.6,10.29268292682927,9.215,None
MC26_1065,Olivia Bernard,CAN,F,37,Snowboard,0,20.7,1661,11.9,58,207,6,166,55000,0.88,None,FALSE,FALSE,0,4.873949579831932,4.84,None
MC26_1066,Cale Wilson,USA,M,44,Biathlon,1,28.8,1820,9.4,82.1,166,1,567,80000,0.82,None,FALSE,FALSE,28.8,8.734042553191488,6.56,None
MC26_1067,Breezy Johnson,USA,F,30,Alpine Skiing,3,22.6,2282,12.8,68.2,211,5,348,80000,0.82,Gold,FALSE,FALSE,67.80000000000001,5.328125,6.56,Medal
MC26_1068,Ning Zhongyan,CHN,M,25,Speed Skating,5,31.6,195,15.2,88.8,192,0,853,13000,0.62,Gold,FALSE,FALSE,158,5.842105263157895,0.806,Medal
MC26_1069,Maria Murray,ITA,F,32,Speed Skating,0,25.3,341,12.6,74.8,NA,1,525,38000,0.82,None,TRUE,FALSE,0,5.936507936507937,3.1159999999999997,None
MC26_1070,Nick Steiner,CHN,M,30,Speed Skating,2,30.8,2,11.3,73.9,162,2,748,13000,0.62,None,FALSE,FALSE,61.6,6.539823008849558,0.806,None
MC26_1071,Therese Lewis,ITA,F,23,Ice Hockey,0,25.7,2,14.4,59.5,199,2,NA,38000,0.82,None,FALSE,TRUE,0,4.131944444444445,3.1159999999999997,None
MC26_1072,Matt Steiner,FRA,M,41,Biathlon,2,31,1404,9.8,82,189,1,981,48000,0.87,Bronze,FALSE,FALSE,62,8.36734693877551,4.176,Medal
MC26_1073,Stefan Thompson,NOR,M,43,Freestyle Skiing,1,25.2,1786,15.5,53.6,206,2,716,95000,0.97,None,FALSE,FALSE,25.2,3.458064516129032,9.215,None
MC26_1074,Jonas Gruber,KOR,M,33,Speed Skating,1,29.5,274,11.2,67.5,186,0,196,35000,0.71,None,FALSE,FALSE,29.5,6.026785714285714,2.485,None
MC26_1075,Ilia Malinin,USA,M,22,Figure Skating,3,33.3,161,8.1,65,NA,1,NA,80000,0.82,Gold,TRUE,TRUE,99.89999999999999,8.024691358024691,6.56,Medal
MC26_1076,Courtney Sarault,CAN,F,27,Short Track,2,29.6,152,8.7,72.9,171,4,NA,55000,0.88,Silver,FALSE,TRUE,59.2,8.379310344827587,4.84,Medal
MC26_1077,Anja Clark,KOR,F,34,Ice Hockey,3,22,173,11.1,54.6,189,6,NA,35000,0.71,None,FALSE,TRUE,66,4.918918918918919,2.485,None
MC26_1078,Logan Simon,USA,M,42,Luge,1,20.5,1206,10.6,63.4,186,4,82,80000,0.82,None,FALSE,FALSE,20.5,5.981132075471698,6.56,None
MC26_1079,Nils Walker,CHN,M,41,Alpine Skiing,4,23.3,2423,11.7,71.9,218,2,684,13000,0.62,None,FALSE,FALSE,93.2,6.145299145299147,0.806,None
MC26_1080,Auston Matthews,CAN,M,29,Ice Hockey,2,25,123,11.3,66.1,193,1,NA,55000,0.88,Silver,FALSE,TRUE,50,5.849557522123893,4.84,Medal
MC26_1081,Zach Murray,SLO,M,22,Biathlon,3,35.9,1566,12.5,85.6,189,1,822,32000,0.56,None,FALSE,FALSE,107.69999999999999,6.848,1.792,None
MC26_1082,Sophia Bernard,USA,F,28,Ice Hockey,1,20.7,49,10,62.6,198,3,NA,80000,0.82,None,FALSE,TRUE,20.7,6.26,6.56,None
MC26_1083,Hanna Miller,ITA,F,24,Curling,5,13,149,20.9,50.4,NA,1,NA,38000,0.82,None,TRUE,TRUE,65,2.411483253588517,3.1159999999999997,None
MC26_1084,Giovanni Franzoni,ITA,M,25,Alpine Skiing,2,22,1990,10.8,64.1,181,2,680,38000,0.82,Silver,FALSE,FALSE,44,5.935185185185184,3.1159999999999997,Medal
MC26_1085,Laura Fischer,NED,F,40,Nordic Combined,0,21.8,2288,9,67.6,193,2,825,62000,0.85,None,FALSE,FALSE,0,7.51111111111111,5.27,None
MC26_1086,Marco Meier,JPN,M,34,Curling,5,17.3,196,18.2,50.4,NA,0,NA,35000,0.74,None,TRUE,TRUE,86.5,2.769230769230769,2.59,None
MC26_1087,Devon Thompson,GER,M,28,Ice Hockey,0,24.5,116.5,11.3,59.9,198,6,NA,52000,0.88,None,FALSE,TRUE,0,5.3008849557522115,4.576,None
MC26_1088,Stefan Stewart,GER,M,38,Alpine Skiing,2,25.6,1819,12.3,64.5,NA,1,258,52000,0.88,None,TRUE,FALSE,51.2,5.24390243902439,4.576,None
MC26_1089,Dylan White,HUN,M,24,Alpine Skiing,2,22.3,2357,10.4,65.7,190,2,908,22000,0.26,None,FALSE,FALSE,44.6,6.3173076923076925,0.572,None
MC26_1090,Harper Steiner,SUI,F,44,Speed Skating,1,24.7,79,13.9,76.9,155,1,582,93000,0.93,None,FALSE,FALSE,24.7,5.532374100719425,8.649,None
MC26_1091,Kyle Steiner,SLO,M,24,Speed Skating,0,26.7,387,12.6,73.6,185,1,466,32000,0.56,None,FALSE,FALSE,0,5.841269841269841,1.792,None
MC26_1092,Therese Nilsson,CZE,F,43,Alpine Skiing,0,19.7,2257,9.4,63.6,202,1,952,28000,0.64,None,FALSE,FALSE,0,6.76595744680851,1.792,None
MC26_1093,Olivia Campbell,GER,F,34,Alpine Skiing,0,22.7,2341,10.55,59,224,2,NA,52000,0.88,None,FALSE,TRUE,0,5.592417061611374,4.576,None
MC26_1094,Xu Mengtao,CHN,F,36,Freestyle Skiing,4,22.8,1661,10.7,64.7,NA,5,908,13000,0.62,Gold,TRUE,FALSE,91.2,6.046728971962618,0.806,Medal
MC26_1095,Abigail Bauer,FIN,F,22,Alpine Skiing,1,23.1,2105,10.2,65.3,190,3,213,53000,0.9,None,FALSE,FALSE,23.1,6.401960784313726,4.77,None
MC26_1096,Elizabeth Simon,SWE,F,39,Short Track,1,26.1,77,13.8,76.4,NA,2,661,56000,0.91,None,TRUE,FALSE,26.1,5.536231884057971,5.096,None
MC26_1097,Steven Dubois,CAN,M,30,Short Track,1,30.2,204,8.8,78.9,184,2,826,55000,0.88,Gold,FALSE,FALSE,30.2,8.965909090909092,4.84,Medal
MC26_1098,Henrik Kristoffersen,NOR,M,32,Alpine Skiing,3,20,1874,13.7,66.8,187,3,427,95000,0.97,None,FALSE,FALSE,60,4.875912408759124,9.215,None
MC26_1099,Monika Fischer,CHN,F,33,Speed Skating,3,27.1,201,14.1,69.3,164,0,218,13000,0.62,None,FALSE,FALSE,81.30000000000001,4.914893617021277,0.806,None
MC26_1100,Alex Ferreira,USA,M,30,Freestyle Skiing,1,20.1,1861,15.2,66.7,259,2,905,80000,0.82,Gold,FALSE,FALSE,20.1,4.3881578947368425,6.56,Medal
MC26_1101,Kim Boutin,CAN,F,32,Short Track,2,26.1,161,13.5,77.2,167,0,616,55000,0.88,Bronze,FALSE,FALSE,52.2,5.718518518518518,4.84,Medal
MC26_1102,Lukas Hansen,SWE,M,27,Short Track,0,26.3,272,13.8,61.1,173,1,NA,56000,0.91,None,FALSE,TRUE,0,4.427536231884058,5.096,None
MC26_1103,Lukas Stewart,GER,M,30,Biathlon,2,29.9,1503,8.6,83.8,178,2,307,52000,0.88,None,FALSE,FALSE,59.8,9.744186046511627,4.576,None
MC26_1104,Henrik Harris,NOR,M,27,Curling,5,18.2,50,18.4,53.9,NA,1,NA,95000,0.97,None,TRUE,TRUE,91,2.9293478260869565,9.215,None
MC26_1105,Elizabeth Simon,CAN,F,23,Snowboard,1,25.4,2025,16,59.6,252,1,894,55000,0.88,None,FALSE,FALSE,25.4,3.725,4.84,None
MC26_1106,Jens Muller,GER,M,30,Nordic Combined,3,23.3,2003,8,63.5,186,1,241,52000,0.88,None,FALSE,FALSE,69.9,7.9375,4.576,None
MC26_1107,Madison Walker,CAN,F,22,Freestyle Skiing,0,16.2,1793,9.4,61.2,198,1,112,55000,0.88,None,FALSE,FALSE,0,6.51063829787234,4.84,None
MC26_1108,Maria Lewis,CHN,F,39,Curling,5,14.4,60,21.3,53.4,NA,2,NA,13000,0.62,None,TRUE,TRUE,72,2.5070422535211265,0.806,None
MC26_1109,Sofia Morrison,JPN,F,21,Ice Hockey,1,19.9,65,14.3,59.4,217,5,NA,35000,0.74,None,FALSE,TRUE,19.9,4.153846153846153,2.59,None
MC26_1110,Deanna Stellato-Dudek,CAN,F,43,Figure Skating,3,29.3,86,15.6,55.2,NA,2,NA,55000,0.88,None,TRUE,TRUE,87.9,3.5384615384615388,4.84,None
MC26_1111,Camille Rast,SUI,F,27,Alpine Skiing,2,21.6,2472,13.5,73.7,224,5,250,93000,0.93,Silver,FALSE,FALSE,43.2,5.45925925925926,8.649,Medal
MC26_1112,Olivia Campbell,FRA,F,21,Luge,1,23.7,822,10.8,57.9,184,3,649,48000,0.87,None,FALSE,FALSE,23.7,5.361111111111111,4.176,None
MC26_1113,Tobias Petersen,CAN,M,23,Nordic Combined,1,20.6,2376,8.3,58.6,193,2,1119,55000,0.88,None,FALSE,FALSE,20.6,7.0602409638554215,4.84,None
MC26_1114,Mitch Anderson,GER,M,43,Alpine Skiing,0,21.6,1870,10.3,60.8,196,5,438,52000,0.88,None,FALSE,FALSE,0,5.9029126213592225,4.576,None
MC26_1115,Anja Walker,HUN,F,42,Cross-Country,4,30.3,1274,10.2,78,NA,1,296,22000,0.26,None,TRUE,FALSE,121.2,7.647058823529412,0.572,None
MC26_1116,Maja Miller,HUN,F,41,Alpine Skiing,2,21,1951,8.7,65,217,4,291,22000,0.26,None,FALSE,FALSE,42,7.471264367816093,0.572,None
MC26_1117,Megan Oldham,CAN,F,26,Freestyle Skiing,3,24.9,1634,12.6,62,257,6,326,55000,0.88,Gold,FALSE,FALSE,74.69999999999999,4.920634920634921,4.84,Medal
MC26_1118,Maja Larsen,JPN,F,28,Alpine Skiing,2,24.6,2248,14,68.1,199,4,519,35000,0.74,None,FALSE,FALSE,49.2,4.864285714285714,2.59,None
MC26_1119,Jack Hughes,USA,M,25,Ice Hockey,4,28.6,24,11.3,63.7,180,4,NA,80000,0.82,Gold,FALSE,TRUE,114.4,5.6371681415929205,6.56,Medal
MC26_1120,Tobias Smith,NED,M,43,Snowboard,3,23.2,1516,10.6,61.349999999999994,NA,1,801,62000,0.85,None,TRUE,FALSE,69.6,5.787735849056603,5.27,None
MC26_1121,Nina Martin,NOR,F,31,Luge,1,24.8,998,12.95,68.4,157,4,849,95000,0.97,Gold,FALSE,FALSE,24.8,5.281853281853283,9.215,Medal
MC26_1122,Tobias Muller,NZL,M,42,Ice Hockey,2,23.7,169,12.7,61.8,186,3,NA,50000,0.32,None,FALSE,TRUE,47.4,4.866141732283465,1.6,None
MC26_1123,Axel Thompson,JPN,M,41,Biathlon,5,33.4,1499,8.6,80.4,NA,3,261,35000,0.74,None,TRUE,FALSE,167,9.348837209302326,2.59,None
MC26_1124,Tobias Lewis,BRA,M,34,Curling,3,15.4,31,18.7,41.7,NA,0,NA,11000,0.04,None,TRUE,TRUE,46.2,2.229946524064171,0.044,None
MC26_1125,Josh Bauer,GER,M,22,Bobsleigh,2,27.6,692,12,69.1,146,3,469,52000,0.88,None,FALSE,FALSE,55.2,5.758333333333333,4.576,None
MC26_1126,Elena MacDonald,SWE,F,23,Speed Skating,2,22.8,147,9.8,65.6,198,3,240,56000,0.91,None,FALSE,FALSE,45.6,6.693877551020407,5.096,None
MC26_1127,Mitch Taylor,CZE,M,41,Nordic Combined,1,20.5,2032,8.4,61.7,180,5,706,28000,0.64,None,FALSE,FALSE,20.5,7.345238095238095,1.792,None
MC26_1128,Evelyn Thompson,JPN,F,29,Biathlon,0,32.1,1231,13.5,76.4,175,3,NA,35000,0.74,None,FALSE,TRUE,0,5.65925925925926,2.59,None
MC26_1129,Lisa Martin,JPN,F,24,Alpine Skiing,2,26.2,1835,9.2,63.8,177,3,745,35000,0.74,None,FALSE,FALSE,52.4,6.934782608695652,2.59,None
MC26_1130,Emily Taylor,USA,F,36,Cross-Country,4,34,1488,9.5,86.3,NA,1,575,80000,0.82,None,TRUE,FALSE,136,9.08421052631579,6.56,None
MC26_1131,Ida Thomas,FRA,F,38,Short Track,2,23.6,70,9.7,73.3,NA,1,247,48000,0.87,None,TRUE,FALSE,47.2,7.556701030927836,4.176,None
MC26_1132,Brandon Bernard,CHN,M,42,Ice Hockey,2,22.5,155,12,61.9,165,1,NA,13000,0.62,None,FALSE,TRUE,45,5.158333333333333,0.806,None
MC26_1133,Rasmus Keller,POL,M,43,Bobsleigh,1,22,701,13.8,63.2,NA,0,442,20000,0.42,None,TRUE,FALSE,22,4.579710144927536,0.84,None
MC26_1134,Therese Williams,USA,F,20,Bobsleigh,3,19.7,820,16.8,65.8,173,0,615,80000,0.82,None,FALSE,FALSE,59.099999999999994,3.9166666666666665,6.56,None
MC26_1135,Axel Smith,SLO,M,31,Luge,2,21.3,1245,16.3,57.9,144,4,247,32000,0.56,None,FALSE,FALSE,42.6,3.5521472392638036,1.792,None
MC26_1136,Monika Thomas,CAN,F,28,Alpine Skiing,3,22.3,2257,8,59,180,2,NA,55000,0.88,None,FALSE,TRUE,66.9,7.375,4.84,None
MC26_1137,Matt Anderson,GER,M,29,Speed Skating,4,25.2,312,15.3,72,185,1,801,52000,0.88,None,FALSE,FALSE,100.8,4.705882352941177,4.576,None
MC26_1138,Maren Kirkeeide,NOR,F,27,Biathlon,2,35.4,1245,11,83.7,203,0,877,95000,0.97,Gold,FALSE,FALSE,70.8,7.609090909090909,9.215,Medal
MC26_1139,Kyle Muller,GBR,M,34,Alpine Skiing,1,16.6,1979,12,57.3,186,1,730,50000,0.54,None,FALSE,FALSE,16.6,4.7749999999999995,2.7,None
MC26_1140,Kayla Fischer,USA,F,32,Snowboard,2,21.7,2372,14.1,60.2,221,6,512,80000,0.82,None,FALSE,FALSE,43.4,4.269503546099291,6.56,None
MC26_1141,Marco Muller,FIN,M,42,Bobsleigh,2,21.5,1093,16.5,67.9,152,3,446,53000,0.9,None,FALSE,FALSE,43,4.115151515151515,4.77,None
MC26_1142,Emma Larsen,CAN,F,24,Cross-Country,4,34.4,1888,9.8,85.3,NA,2,849,55000,0.88,None,TRUE,FALSE,137.6,8.704081632653061,4.84,None
MC26_1143,Brad Gushue,CAN,M,46,Curling,5,19.6,137,23.4,54.9,NA,2,NA,55000,0.88,Gold,TRUE,TRUE,98,2.3461538461538463,4.84,Medal
MC26_1144,Emma Larsen,AUT,F,40,Freestyle Skiing,0,20.5,1558,15.3,50.6,231,1,204,56000,0.92,None,FALSE,FALSE,0,3.30718954248366,5.152,None
MC26_1145,Jonas Martin,SWE,M,27,Speed Skating,4,30.8,71,9.1,74.8,182,3,542,56000,0.91,Bronze,FALSE,FALSE,123.2,8.219780219780219,5.096,Medal
MC26_1146,Marco Davis,AUT,M,37,Ski Jumping,3,28.7,1460,6.5,64.5,216,1,1032,56000,0.92,Bronze,FALSE,FALSE,86.1,9.923076923076923,5.152,Medal
MC26_1147,Elizabeth Lemley,USA,F,24,Freestyle Skiing,1,25.2,1752,12.5,63.5,233,3,648,80000,0.82,Gold,FALSE,FALSE,25.2,5.08,6.56,Medal
MC26_1148,Tobias Robinson,FIN,M,34,Ice Hockey,2,25.9,97,13.3,69.7,165,7,NA,53000,0.9,None,FALSE,TRUE,51.8,5.2406015037593985,4.77,None
MC26_1149,Anna Bernard,CAN,F,32,Snowboard,3,21.4,2061,12.350000000000001,61.5,209,5,NA,55000,0.88,None,FALSE,TRUE,64.19999999999999,4.979757085020243,4.84,None
MC26_1150,Ryan Cochran-Siegle,USA,M,34,Alpine Skiing,2,27.6,2347,13.1,71.1,214,2,1130,80000,0.82,Silver,FALSE,FALSE,55.2,5.427480916030534,6.56,Medal
MC26_1151,Emma Murray,HUN,F,33,Curling,2,15.8,182,21.1,42,NA,2,NA,22000,0.26,None,TRUE,TRUE,31.6,1.990521327014218,0.572,None
MC26_1152,Maria MacDonald,FIN,F,23,Alpine Skiing,0,21.2,2047,10.6,65.19999999999999,204,2,267,53000,0.9,None,FALSE,FALSE,0,6.150943396226414,4.77,None
MC26_1153,Felix Loch,GER,M,37,Luge,2,26.8,1054,11.7,59.8,184,2,657,52000,0.88,Silver,FALSE,FALSE,53.6,5.111111111111112,4.576,Medal
MC26_1154,Erik Koch,SUI,M,42,Bobsleigh,2,18.8,843,16,64,179,3,85,93000,0.93,None,FALSE,FALSE,37.6,4,8.649,None
MC26_1155,Cale Keller,NOR,M,22,Nordic Combined,1,20.9,2097,12.5,61.2,219,1,925,95000,0.97,None,FALSE,FALSE,20.9,4.896,9.215,None
MC26_1156,Andrei Lewis,GER,M,28,Snowboard,1,21.7,2177,15.7,55.3,258,3,602,52000,0.88,None,FALSE,FALSE,21.7,3.522292993630573,4.576,None
MC26_1157,Elena White,GBR,F,36,Freestyle Skiing,0,19.3,1575,10.6,59.5,246,4,NA,50000,0.54,None,FALSE,TRUE,0,5.613207547169812,2.7,None
MC26_1158,Henrik Harris,BRA,M,26,Biathlon,4,27.1,1577,12.7,68.4,178,1,978,11000,0.04,None,FALSE,FALSE,108.4,5.385826771653544,0.044,None
MC26_1159,Sofia Keller,SWE,F,19,Cross-Country,1,36.1,1588,9.2,88.2,NA,2,871,56000,0.91,Gold,TRUE,FALSE,36.1,9.58695652173913,5.096,Medal
MC26_1160,Sander Eitrem,NOR,M,25,Speed Skating,3,28.1,27,13.2,86.8,151,3,980,95000,0.97,Gold,FALSE,FALSE,84.30000000000001,6.575757575757576,9.215,Medal
MC26_1161,Hanna Campbell,SLO,F,26,Speed Skating,1,26.1,153,12.6,70.4,178,0,NA,32000,0.56,None,FALSE,TRUE,26.1,5.587301587301588,1.792,None
MC26_1162,Kaitlyn Andersen,SWE,F,37,Short Track,2,26.1,232,11.8,67.4,NA,4,307,56000,0.91,None,TRUE,FALSE,52.2,5.711864406779661,5.096,None
MC26_1163,Evelyn MacDonald,GER,F,34,Speed Skating,2,25.4,340,14.4,67.1,170,3,845,52000,0.88,None,FALSE,FALSE,50.8,4.659722222222221,4.576,None
MC26_1164,Maja Dahlqvist,SWE,F,31,Cross-Country,3,35.6,1457,8.2,94.7,NA,0,506,56000,0.91,Gold,TRUE,FALSE,106.80000000000001,11.54878048780488,5.096,Medal
MC26_1165,Sturla Holm Laegreid,NOR,M,29,Biathlon,1,35,1822,11.6,83.1,200,3,169,95000,0.97,Bronze,FALSE,FALSE,35,7.163793103448276,9.215,Medal
MC26_1166,Lauren Taylor,JPN,F,35,Biathlon,3,32.1,1270,13.1,83.7,172,3,NA,35000,0.74,None,FALSE,TRUE,96.30000000000001,6.389312977099237,2.59,None
MC26_1167,Marco Moore,FIN,M,29,Ice Hockey,0,23.7,105,11.2,55.8,203,7,NA,53000,0.9,None,FALSE,TRUE,0,4.982142857142857,4.77,None
MC26_1168,Taylor Simon,GBR,F,32,Alpine Skiing,0,20.7,2381,8.5,63.8,205,2,712,50000,0.54,None,FALSE,FALSE,0,7.5058823529411764,2.7,None
MC26_1169,Mikael Svensson,CAN,M,29,Short Track,3,26.2,193,11.6,72.1,NA,1,504,55000,0.88,None,TRUE,FALSE,78.6,6.21551724137931,4.84,None
MC26_1170,Pierre Johnson,GBR,M,NA,Ice Hockey,4,25.4,190,12.4,63.9,213,8,NA,50000,0.54,None,FALSE,TRUE,101.6,5.153225806451613,2.7,None
MC26_1171,Sofia Campbell,AUS,F,30,Snowboard,3,22.4,1558,16.5,63.2,209,6,377,65000,0.22,None,FALSE,FALSE,67.19999999999999,3.8303030303030305,1.43,None
MC26_1172,Tarjei Boe,NOR,M,37,Biathlon,5,30.5,1355,12.2,81.8,185,1,272,95000,0.97,None,FALSE,FALSE,152.5,6.704918032786885,9.215,None
MC26_1173,Marie-Philip Poulin,CAN,F,35,Ice Hockey,2,28.3,142,10.8,77.2,200,6,NA,55000,0.88,Silver,FALSE,TRUE,56.6,7.148148148148148,4.84,Medal
MC26_1174,Martin Ponsiluoma,SWE,M,31,Biathlon,2,29.7,1523,13.6,94.1,188,0,NA,56000,0.91,Gold,FALSE,TRUE,59.4,6.919117647058823,5.096,Medal
MC26_1175,Nathan Williams,SWE,M,34,Alpine Skiing,3,21.7,1833,13.2,60.9,193,4,NA,56000,0.91,None,FALSE,TRUE,65.1,4.613636363636364,5.096,None
MC26_1176,Jonas Wilson,NED,M,28,Snowboard,0,19.8,1859,10.7,57.6,212,4,528,62000,0.85,None,FALSE,FALSE,0,5.3831775700934585,5.27,None
MC26_1177,Emil Iversen,NOR,M,35,Cross-Country,1,32.4,1236,11.9,92.7,NA,0,720,95000,0.97,Bronze,TRUE,FALSE,32.4,7.7899159663865545,9.215,Medal
MC26_1178,Dylan Campbell,POL,M,19,Biathlon,3,30.5,1657,10.8,73.4,169,3,NA,20000,0.42,None,FALSE,TRUE,91.5,6.796296296296297,0.84,None
MC26_1179,Frida MacDonald,ITA,F,27,Cross-Country,3,35.2,1516,10.7,84.2,NA,1,681,38000,0.82,None,TRUE,FALSE,105.60000000000001,7.869158878504674,3.1159999999999997,None
MC26_1180,Frida Stewart,FIN,F,25,Cross-Country,2,31.5,1934,10,84.7,NA,1,491,53000,0.9,None,TRUE,FALSE,63,8.47,4.77,None
MC26_1181,Andrew Hansen,NED,M,28,Ice Hockey,2,29.2,87,9.6,67.1,191,5,NA,62000,0.85,None,FALSE,TRUE,58.4,6.989583333333333,5.27,None
MC26_1182,Maja Hansen,USA,F,32,Speed Skating,3,29.6,81,15,76.6,193,3,972,80000,0.82,None,FALSE,FALSE,88.80000000000001,5.1066666666666665,6.56,None
MC26_1183,Carson Taylor,CAN,M,39,Short Track,4,21.8,227,11.1,68.3,186,4,563,55000,0.88,None,FALSE,FALSE,87.2,6.153153153153153,4.84,None
MC26_1184,Isabella Jones,USA,F,33,Ice Hockey,4,23.9,152,12,65.2,192,7,NA,80000,0.82,None,FALSE,TRUE,95.6,5.433333333333334,6.56,None
MC26_1185,Kristin White,USA,F,20,Alpine Skiing,2,21.6,2398,9.8,64.6,178,2,717,80000,0.82,None,FALSE,FALSE,43.2,6.591836734693876,6.56,None
MC26_1186,Federico Pellegrino,ITA,M,36,Cross-Country,3,34,1286,7.1,88.6,NA,2,879,38000,0.82,Bronze,TRUE,FALSE,102,12.47887323943662,3.1159999999999997,Medal
MC26_1187,Laura Svensson,GER,F,33,Short Track,3,27.3,232,11.8,67.6,164,1,836,52000,0.88,None,FALSE,FALSE,81.9,5.728813559322033,4.576,None
MC26_1188,Viktor Murray,SUI,M,40,Biathlon,2,35.4,1399,12.3,79.6,201,3,670,93000,0.93,None,FALSE,FALSE,70.8,6.471544715447154,8.649,None
MC26_1189,Emma Schmidt,SUI,F,30,Speed Skating,4,25.2,153,12,67.2,171,1,649,93000,0.93,None,FALSE,FALSE,100.8,5.6000000000000005,8.649,None
MC26_1190,Marco White,JPN,M,29,Freestyle Skiing,1,22.7,1429,13.149999999999999,68.7,238,5,492,35000,0.74,None,FALSE,FALSE,22.7,5.224334600760457,2.59,None
MC26_1191,Nick Bernard,NED,M,26,Cross-Country,2,36.4,1592,7.5,94.3,NA,1,922,62000,0.85,None,TRUE,FALSE,72.8,12.573333333333332,5.27,None
MC26_1192,Devon Gruber,AUS,M,42,Cross-Country,4,32.6,1714,9,77.2,NA,1,191,65000,0.22,None,TRUE,FALSE,130.4,8.577777777777778,1.43,None
MC26_1193,Zach Davis,FRA,M,35,Alpine Skiing,1,20.4,2110,9.5,59.1,192,1,1020,48000,0.87,None,FALSE,FALSE,20.4,6.221052631578948,4.176,None
MC26_1194,Viktor Murray,SWE,M,26,Luge,0,20.1,1100,16.8,57.4,143,3,235,56000,0.91,None,FALSE,FALSE,0,3.4166666666666665,5.096,None
MC26_1195,Viktor Muller,KOR,M,19,Speed Skating,3,25.8,398,10.1,69.2,171,3,793,35000,0.71,None,FALSE,FALSE,77.4,6.851485148514852,2.485,None
MC26_1196,Leon Moore,NZL,M,23,Cross-Country,3,32.1,1865,7.3,87.6,NA,3,1015,50000,0.32,None,TRUE,FALSE,96.30000000000001,12,1.6,None
MC26_1197,Emma Simon,ITA,F,35,Short Track,2,25.2,196,14.7,65.1,173,1,191,38000,0.82,None,FALSE,FALSE,50.4,4.428571428571429,3.1159999999999997,None
MC26_1198,Olivia Fischer,CAN,F,35,Alpine Skiing,2,20.8,1875,12.1,61.1,189,5,974,55000,0.88,None,FALSE,FALSE,41.6,5.049586776859504,4.84,None
MC26_1199,Lisa Vittozzi,ITA,F,31,Biathlon,5,32.1,1498.5,9.9,83.7,173,2,403,38000,0.82,Gold,FALSE,FALSE,160.5,8.454545454545455,3.1159999999999997,Medal
MC26_1200,Chloe Kim,USA,F,26,Snowboard,4,26.8,1667,10.7,65.6,256,6,NA,80000,0.82,Silver,FALSE,TRUE,107.2,6.130841121495327,6.56,Medal
MC26_1201,Ava Harris,SUI,F,26,Short Track,3,22.3,291,11.8,59.9,168,3,686,93000,0.93,None,FALSE,FALSE,66.9,5.076271186440677,8.649,None
MC26_1202,Elena Anderson,NOR,F,35,Biathlon,2,31.9,1756,12.2,85.1,180,1,739,95000,0.97,None,FALSE,FALSE,63.8,6.975409836065574,9.215,None
MC26_1203,Ava Meier,USA,F,27,Short Track,4,26,271,14,70.2,147,1,264,80000,0.82,None,FALSE,FALSE,104,5.014285714285714,6.56,None
MC26_1204,Alyssa Bauer,USA,F,28,Alpine Skiing,3,20.1,2203,13.7,65.1,177,5,479,80000,0.82,None,FALSE,FALSE,60.300000000000004,4.751824817518248,6.56,None
MC26_1205,Nick Brown,NOR,M,20,Biathlon,1,30.5,1398,10.1,76.1,174,0,133,95000,0.97,None,FALSE,FALSE,30.5,7.534653465346534,9.215,None
MC26_1206,Frida Jones,SWE,F,29,Ice Hockey,3,24.7,73,11.1,63,NA,8,NA,56000,0.91,None,TRUE,TRUE,74.1,5.675675675675675,5.096,None
MC26_1207,Elena Keller,JPN,F,34,Ice Hockey,3,24.9,127,9.4,60.9,213,4,NA,35000,0.74,None,FALSE,TRUE,74.69999999999999,6.478723404255319,2.59,None
MC26_1208,Abigail Gruber,CHN,F,25,Biathlon,0,32.1,1480,11.3,75.6,166,2,NA,13000,0.62,None,FALSE,TRUE,0,6.690265486725663,0.806,None
MC26_1209,Frida Larsen,JPN,F,24,Ice Hockey,3,25.9,22,11.2,64.7,187,8,NA,35000,0.74,None,FALSE,TRUE,77.69999999999999,5.776785714285715,2.59,None
MC26_1210,Elena Williams,SWE,F,33,Speed Skating,4,26,79,12.6,65.9,182,1,975,56000,0.91,None,FALSE,FALSE,104,5.230158730158731,5.096,None
MC26_1211,Jens Gruber,GER,M,35,Cross-Country,1,30,1884,7.1,75.9,NA,2,1224,52000,0.88,None,TRUE,FALSE,30,10.690140845070424,4.576,None
MC26_1212,Nicolas Robinson,SLO,M,41,Bobsleigh,1,21.3,846,13.8,61.3,177,4,331,32000,0.56,None,FALSE,FALSE,21.3,4.442028985507246,1.792,None
MC26_1213,Vera Murray,CHN,F,31,Short Track,0,21.4,63,10.8,68.1,NA,3,495,13000,0.62,None,TRUE,FALSE,0,6.3055555555555545,0.806,None
MC26_1214,Vera Walker,CAN,F,27,Ice Hockey,3,26.2,38,9.7,64.2,193,4,NA,55000,0.88,None,FALSE,TRUE,78.6,6.618556701030928,4.84,None
MC26_1215,Lauren Martin,SWE,F,23,Speed Skating,3,23.7,252,9.2,69.9,158,2,476,56000,0.91,None,FALSE,FALSE,71.1,7.597826086956523,5.096,None
MC26_1216,Tyler Murray,USA,M,22,Curling,1,17.3,151,18.7,46.2,NA,2,NA,80000,0.82,None,TRUE,TRUE,17.3,2.4705882352941178,6.56,None
MC26_1217,Maja Nilsson,ITA,F,29,Snowboard,3,23.3,1815,12.7,58.5,214,2,326,38000,0.82,None,FALSE,FALSE,69.9,4.606299212598426,3.1159999999999997,None
MC26_1218,Tobias Stewart,GER,M,21,Ice Hockey,3,24.4,33,9.9,65.3,176,3,NA,52000,0.88,None,FALSE,TRUE,73.19999999999999,6.595959595959595,4.576,None
MC26_1219,Lars Brown,SWE,M,22,Biathlon,3,33.4,1488,11.6,80,207,3,NA,56000,0.91,None,FALSE,TRUE,100.19999999999999,6.8965517241379315,5.096,None
MC26_1220,Erik Johnson,USA,M,35,Snowboard,2,27.6,2140,10.7,64.2,228,3,577,80000,0.82,Silver,FALSE,FALSE,55.2,6.000000000000001,6.56,Medal
MC26_1221,Alysa Liu,USA,F,21,Figure Skating,2,28.7,143,13.6,60.4,NA,3,NA,80000,0.82,Gold,TRUE,TRUE,57.4,4.4411764705882355,6.56,Medal
MC26_1222,Harper Lewis,CAN,F,37,Biathlon,3,29.4,1665,11.2,78,NA,3,668,55000,0.88,None,TRUE,FALSE,88.19999999999999,6.964285714285714,4.84,None
MC26_1223,Emma Morrison,GBR,F,34,Snowboard,2,20.4,1774,10.2,58.4,255,1,147,50000,0.54,None,FALSE,FALSE,40.8,5.7254901960784315,2.7,None
MC26_1224,Mitch Nilsson,FRA,M,27,Alpine Skiing,1,23.4,2224,10.7,61.4,NA,5,581,48000,0.87,None,TRUE,FALSE,23.4,5.738317757009346,4.176,None
MC26_1225,Maja Miller,CAN,F,20,Curling,5,15.8,57,21.1,48.3,NA,1,NA,55000,0.88,Gold,TRUE,TRUE,79,2.2890995260663503,4.84,Medal
MC26_1226,Johannes Høsflot Klæbo,NOR,M,30,Cross-Country,1,36.8,1611,8.4,96,NA,3,440,95000,0.97,Gold,TRUE,FALSE,36.8,11.428571428571429,9.215,Medal
MC26_1227,Zach Simon,CAN,M,23,Speed Skating,1,25.2,296,8.9,72.5,171,2,771,55000,0.88,None,FALSE,FALSE,25.2,8.146067415730336,4.84,None
MC26_1228,Kristin Taylor,JPN,F,41,Speed Skating,2,27.2,286,8.9,72.5,171,0,896,35000,0.74,None,FALSE,FALSE,54.4,8.146067415730336,2.59,None
MC26_1229,Sofia Anderson,NOR,F,44,Cross-Country,1,36.3,1383,9.5,92.3,NA,0,266,95000,0.97,Silver,TRUE,FALSE,36.3,9.715789473684211,9.215,Medal
MC26_1230,Lukas Steiner,SUI,M,26,Snowboard,0,19.8,1871,12.1,53.4,201,1,480,93000,0.93,None,FALSE,FALSE,0,4.413223140495868,8.649,None
MC26_1231,Lukas Johnson,CAN,M,31,Snowboard,4,28.6,2109,10.2,63,201,3,585,55000,0.88,None,FALSE,FALSE,114.4,6.176470588235294,4.84,None
MC26_1232,Tyler Lewis,JPN,M,39,Freestyle Skiing,4,24,1288,11.1,55,216,5,114,35000,0.74,None,FALSE,FALSE,96,4.954954954954955,2.59,None
MC26_1233,Trevor Clark,CZE,M,24,Speed Skating,4,23.4,381,13.9,70.3,152,1,411,28000,0.64,None,FALSE,FALSE,93.6,5.057553956834532,1.792,None
MC26_1234,Arianna Fontana,ITA,F,36,Short Track,1,30,41,9.6,79.7,175,1,147,38000,0.82,Silver,FALSE,FALSE,30,8.302083333333334,3.1159999999999997,Medal
MC26_1235,Jens Lewis,CHN,M,22,Ice Hockey,0,23.7,56,14.5,62.1,183,1,NA,13000,0.62,None,FALSE,TRUE,0,4.2827586206896555,0.806,None
MC26_1236,Lucas Pinheiro Braathen,BRA,M,26,Alpine Skiing,1,26.7,1848,12.4,80,215,1,529,11000,0.04,Gold,FALSE,FALSE,26.7,6.451612903225806,0.044,Medal
MC26_1237,Sofia Goggia,ITA,F,34,Alpine Skiing,1,24.9,2424,11.9,74.6,213,2,421,38000,0.82,Bronze,FALSE,FALSE,24.9,6.268907563025209,3.1159999999999997,Medal
MC26_1238,Nina Walker,AUT,F,40,Cross-Country,1,31.7,1805,7.7,81.6,NA,1,325,56000,0.92,None,TRUE,FALSE,31.7,10.597402597402596,5.152,None
MC26_1239,Anja Thomas,FIN,F,22,Biathlon,1,31.1,1277,13.3,85.7,NA,3,529,53000,0.9,None,TRUE,FALSE,31.1,6.443609022556391,4.77,None
MC26_1240,Therese Moore,SWE,F,20,Luge,1,18,700,13.1,62.2,179,4,522,56000,0.91,None,FALSE,FALSE,18,4.748091603053435,5.096,None
MC26_1241,Josh Jackson,NZL,M,32,Snowboard,2,25.3,1788,10.4,60.9,212,2,NA,50000,0.32,None,FALSE,TRUE,50.6,5.855769230769231,1.6,None
MC26_1242,Ida Jones,AUT,F,37,Freestyle Skiing,3,23.5,1661,11.3,54.1,217,5,411,56000,0.92,None,FALSE,FALSE,70.5,4.787610619469026,5.152,None
MC26_1243,Andrew Jensen,CZE,M,27,Snowboard,1,23.2,1588,15.1,61.349999999999994,241,5,258,28000,0.64,None,FALSE,FALSE,23.2,4.062913907284768,1.792,None
MC26_1244,Lisa Bernard,SUI,F,35,Ice Hockey,2,25.3,91,11.6,56.7,191,7,NA,93000,0.93,None,FALSE,TRUE,50.6,4.887931034482759,8.649,None
MC26_1245,Linn Svahn,SWE,F,25,Cross-Country,3,34.5,1683,10.6,92.8,NA,1,1072,56000,0.91,Gold,TRUE,FALSE,103.5,8.754716981132075,5.096,Medal
MC26_1246,Dylan Brown,ITA,M,31,Snowboard,2,23.1,1662,12.4,61.349999999999994,207,5,748,38000,0.82,None,FALSE,FALSE,46.2,4.94758064516129,3.1159999999999997,None
MC26_1247,Petra Vlhova,SVK,F,31,Alpine Skiing,4,19,2434,13.8,65.7,NA,1,488,25000,0.5,None,TRUE,FALSE,76,4.760869565217392,1.25,None
MC26_1248,Taylor Robinson,FRA,F,30,Alpine Skiing,2,22.5,2582,12,66.1,192,5,893,48000,0.87,None,FALSE,FALSE,45,5.508333333333333,4.176,None
MC26_1249,Dominik Paris,ITA,M,37,Alpine Skiing,3,21.1,1934,11.6,65.4,212,1,1022,38000,0.82,Bronze,FALSE,FALSE,63.300000000000004,5.637931034482759,3.1159999999999997,Medal
MC26_1250,Logan Miller,SWE,M,38,Ice Hockey,0,22,135,9.8,54.6,219,1,NA,56000,0.91,None,FALSE,TRUE,0,5.571428571428571,5.096,None
MC26_1251,Emily Taylor,KOR,F,30,Cross-Country,0,35.1,1842,10.6,85.4,NA,2,1259,35000,0.71,None,TRUE,FALSE,0,8.056603773584907,2.485,None
MC26_1252,Irene Schouten,NED,F,34,Speed Skating,1,28.7,182,14.4,80.9,183,2,1097,62000,0.85,Bronze,FALSE,FALSE,28.7,5.618055555555556,5.27,Medal
MC26_1253,Rachel Jackson,CAN,F,19,Speed Skating,3,25.5,200,8.4,67.4,157,2,833,55000,0.88,None,FALSE,FALSE,76.5,8.023809523809524,4.84,None
MC26_1254,Kaillie Humphries,USA,F,41,Bobsleigh,4,24.9,1107,16.4,71.5,147,1,293,80000,0.82,Bronze,FALSE,FALSE,99.6,4.359756097560976,6.56,Medal
MC26_1255,Julia Simon,FRA,F,30,Biathlon,5,35.3,1248,12.2,95.6,NA,3,738,48000,0.87,Gold,TRUE,FALSE,176.5,7.836065573770492,4.176,Medal
MC26_1256,Franjo von Allmen,SUI,M,25,Alpine Skiing,1,22,2327,10.1,69.4,196,1,946,93000,0.93,Gold,FALSE,FALSE,22,6.871287128712872,8.649,Medal
MC26_1257,Viktor Jackson,ITA,M,34,Short Track,3,23.7,193,11.6,69.9,157,3,596,38000,0.82,None,FALSE,FALSE,71.1,6.025862068965518,3.1159999999999997,None
MC26_1258,Maja Campbell,NZL,F,36,Curling,3,20.6,54,22,44.4,NA,1,NA,50000,0.32,None,TRUE,TRUE,61.800000000000004,2.018181818181818,1.6,None
MC26_1259,Ryan Brown,SWE,M,24,Biathlon,1,29,1508,11.2,81.6,174,2,667,56000,0.91,None,FALSE,FALSE,29,7.285714285714286,5.096,None
MC26_1260,Tobias Koch,KOR,M,25,Bobsleigh,2,18.2,1023,13.5,54.2,160,4,202,35000,0.71,None,FALSE,FALSE,36.4,4.014814814814815,2.485,None
MC26_1261,Olivia Stewart,FRA,F,35,Freestyle Skiing,0,16.4,1245,14,61.2,249,1,177,48000,0.87,None,FALSE,FALSE,0,4.371428571428572,4.176,None
MC26_1262,Sophia Gruber,ITA,F,30,Short Track,3,23.5,13,13.2,68.8,NA,3,371,38000,0.82,None,TRUE,FALSE,70.5,5.212121212121212,3.1159999999999997,None
MC26_1263,Evan Bates,USA,M,37,Figure Skating,2,29.7,176,8.2,61,NA,2,NA,80000,0.82,Silver,TRUE,TRUE,59.4,7.439024390243903,6.56,Medal
MC26_1264,Kyle Murray,GER,M,31,Cross-Country,3,33.6,1454,8.4,83.9,NA,0,1363,52000,0.88,None,TRUE,FALSE,100.80000000000001,9.988095238095239,4.576,None
MC26_1265,Rasmus Brown,GBR,M,33,Speed Skating,4,28.9,319,13.2,75.5,190,0,243,50000,0.54,None,FALSE,FALSE,115.6,5.71969696969697,2.7,None
MC26_1266,Maja Gruber,KOR,F,28,Ice Hockey,3,24.7,66,13.4,62.4,196,6,NA,35000,0.71,None,FALSE,TRUE,74.1,4.656716417910448,2.485,None
MC26_1267,Ava Andersen,BRA,F,32,Cross-Country,1,32.3,1994,9,82,NA,1,1026,11000,0.04,None,TRUE,FALSE,32.3,9.11111111111111,0.044,None
MC26_1268,Marco Odermatt,SUI,M,29,Alpine Skiing,3,26.8,1990,13.3,68.3,193,2,687,93000,0.93,Silver,FALSE,FALSE,80.4,5.135338345864661,8.649,Medal
MC26_1269,Mitch Anderson,NZL,M,28,Short Track,5,27.2,171,12.7,77.7,161,4,319,50000,0.32,None,FALSE,FALSE,136,6.118110236220473,1.6,None
MC26_1270,Alyssa Murray,SWE,F,41,Ski Jumping,4,21.4,865,7.9,63.4,198,5,705,56000,0.91,None,FALSE,FALSE,85.6,8.025316455696203,5.096,None
MC26_1271,Lauren Gruber,HUN,F,20,Cross-Country,5,34.4,1283,9.5,85.1,NA,2,NA,22000,0.26,None,TRUE,TRUE,172,8.957894736842105,0.572,None
MC26_1272,Thomas Fischer,HUN,M,21,Biathlon,3,26.4,1495,8.3,81,170,2,534,22000,0.26,None,FALSE,FALSE,79.19999999999999,9.759036144578312,0.572,None
MC26_1273,Elana Meyers Taylor,USA,F,42,Bobsleigh,3,25.2,622,12.2,73.3,NA,0,NA,80000,0.82,Gold,TRUE,TRUE,75.6,6.008196721311475,6.56,Medal
MC26_1274,Carson Brown,KOR,M,43,Snowboard,3,23.3,1946,9.8,61.349999999999994,224,5,634,35000,0.71,None,FALSE,FALSE,69.9,6.260204081632652,2.485,None
MC26_1275,Brandon Bernard,CHN,M,42,Ice Hockey,2,22.5,155,12,61.9,165,1,NA,13000,0.62,None,FALSE,TRUE,45,5.158333333333333,0.806,None
MC26_1276,Trevor Martin,FRA,M,37,Ice Hockey,1,23.2,116.5,14.6,62,219,5,NA,48000,0.87,None,FALSE,TRUE,23.2,4.2465753424657535,4.176,None
MC26_1277,Elena Clark,CAN,F,25,Snowboard,3,19.2,1751,12.4,57.2,245,2,281,55000,0.88,None,FALSE,FALSE,57.599999999999994,4.612903225806452,4.84,None
MC26_1278,Mia Meier,CAN,F,36,Biathlon,3,28.2,1641,11.3,79.6,169,3,357,55000,0.88,None,FALSE,FALSE,84.6,7.044247787610619,4.84,None
MC26_1279,Logan Hansen,CAN,M,29,Alpine Skiing,3,19.9,1909,12.9,66.6,223,5,847,55000,0.88,None,FALSE,FALSE,59.699999999999996,5.162790697674418,4.84,None
MC26_1280,Derek MacDonald,CHN,M,21,Nordic Combined,3,20.9,2461,11.1,59,179,1,357,13000,0.62,None,FALSE,FALSE,62.699999999999996,5.315315315315315,0.806,None
MC26_1281,Pierre Wilson,GBR,M,25,Biathlon,1,30.2,1808,12.2,84.5,165,1,906,50000,0.54,None,FALSE,FALSE,30.2,6.926229508196721,2.7,None
MC26_1282,Isabella Harris,KOR,F,27,Cross-Country,0,30.1,1808,9.2,76.9,NA,1,1361,35000,0.71,None,TRUE,FALSE,0,8.358695652173914,2.485,None
MC26_1283,Antoine Cyr,CAN,M,28,Cross-Country,1,35.8,1775,8.5,80.4,NA,2,968,55000,0.88,None,TRUE,FALSE,35.8,9.458823529411765,4.84,None
MC26_1284,Mac Forehand,USA,M,26,Freestyle Skiing,4,21.5,1760,9.9,59.2,256,6,874,80000,0.82,Silver,FALSE,FALSE,86,5.97979797979798,6.56,Medal
MC26_1285,Xandra Velzeboer,NED,F,24,Short Track,2,32.4,49,11.4,87.9,151,3,960,62000,0.85,Gold,FALSE,FALSE,64.8,7.710526315789474,5.27,Medal
MC26_1286,Abigail Simon,AUT,F,43,Luge,2,19.7,620,15.5,53.7,155,2,623,56000,0.92,None,FALSE,FALSE,39.4,3.4645161290322584,5.152,None
MC26_1287,Nina MacDonald,USA,F,36,Ice Hockey,3,20.5,118,9.4,56.9,166,5,NA,80000,0.82,None,FALSE,TRUE,61.5,6.053191489361701,6.56,None
MC26_1288,Charlotte Murray,SUI,F,29,Cross-Country,2,29.7,1492,9,83.2,NA,3,322,93000,0.93,None,TRUE,FALSE,59.4,9.244444444444445,8.649,None
MC26_1289,Frida Karlsson,SWE,F,27,Cross-Country,5,37.7,1660,8.2,93.9,NA,3,1237,56000,0.91,Gold,TRUE,FALSE,188.5,11.451219512195124,5.096,Medal
MC26_1290,Thomas Campbell,NOR,M,33,Alpine Skiing,4,18.6,1990,12.7,70.2,215,3,NA,95000,0.97,None,FALSE,TRUE,74.4,5.527559055118111,9.215,None
MC26_1291,Hanna Jackson,GER,F,42,Snowboard,1,24.6,2374,10.2,55.8,213,5,548,52000,0.88,None,FALSE,FALSE,24.6,5.470588235294118,4.576,None
MC26_1292,Ida Bauer,CAN,F,44,Alpine Skiing,0,18.5,1965,11.8,66,NA,4,1033,55000,0.88,None,TRUE,FALSE,0,5.59322033898305,4.84,None
MC26_1293,Axel Keller,KOR,M,21,Alpine Skiing,3,21.8,1840,12.9,65.2,219,3,543,35000,0.71,None,FALSE,FALSE,65.4,5.054263565891473,2.485,None
MC26_1294,Nicolas Jensen,ITA,M,28,Ice Hockey,0,21.2,38,11.1,54.3,185,7,NA,38000,0.82,None,FALSE,TRUE,0,4.891891891891892,3.1159999999999997,None
MC26_1295,Kayla Bauer,GBR,F,37,Luge,3,21.8,733,12.8,54.6,NA,0,NA,50000,0.54,None,TRUE,TRUE,65.4,4.265625,2.7,None
MC26_1296,Elizabeth Robinson,KOR,F,42,Alpine Skiing,1,20.2,2374,9.7,57,NA,3,398,35000,0.71,None,TRUE,FALSE,20.2,5.876288659793815,2.485,None
MC26_1297,Sidney Crosby,CAN,M,39,Ice Hockey,3,27.6,110,9.3,72.7,200,7,NA,55000,0.88,Silver,FALSE,TRUE,82.80000000000001,7.817204301075268,4.84,Medal
MC26_1298,Erik Davis,SUI,M,31,Alpine Skiing,1,25.7,2117,10.2,62.7,NA,1,594,93000,0.93,None,TRUE,FALSE,25.7,6.147058823529412,8.649,None
MC26_1299,Pierre Jackson,FRA,M,43,Alpine Skiing,2,25.7,1831,12.2,65.9,NA,5,757,48000,0.87,None,TRUE,FALSE,51.4,5.401639344262296,4.176,None
MC26_1300,Jessie Diggins,USA,F,35,Cross-Country,4,34.2,1708,8.8,94.5,NA,2,621,80000,0.82,Bronze,TRUE,FALSE,136.8,10.738636363636363,6.56,Medal
MC26_1301,Alex Bilodeau,CAN,M,39,Freestyle Skiing,1,20.3,1629,13.6,56.1,236,4,424,55000,0.88,None,FALSE,FALSE,20.3,4.125,4.84,None
MC26_1302,Rachel Murray,CAN,F,23,Speed Skating,1,27.3,109,15.7,67.7,199,3,867,55000,0.88,None,FALSE,FALSE,27.3,4.312101910828026,4.84,None
MC26_1303,Mikael Kingsbury,CAN,M,34,Freestyle Skiing,4,23.4,1290,9.4,69.7,198,6,249,55000,0.88,Gold,FALSE,FALSE,93.6,7.414893617021277,4.84,Medal
MC26_1304,Emma Schmidt,AUS,F,37,Biathlon,2,33.4,1498.5,11.1,85.7,185,2,673,65000,0.22,None,FALSE,FALSE,66.8,7.720720720720721,1.43,None
MC26_1305,Silvana Tirinzoni,SUI,F,47,Curling,1,18.4,14,16.1,59.1,NA,1,NA,93000,0.93,Silver,TRUE,TRUE,18.4,3.670807453416149,8.649,Medal
MC26_1306,Tyler Bernard,CZE,M,33,Ice Hockey,0,23.3,153,13.6,62,196,1,NA,28000,0.64,None,FALSE,TRUE,0,4.5588235294117645,1.792,None
MC26_1307,Erik Anderson,ITA,M,20,Freestyle Skiing,1,23.2,1457,12.1,58.6,245,2,657,38000,0.82,None,FALSE,FALSE,23.2,4.8429752066115705,3.1159999999999997,None
MC26_1308,Pierre Moore,CAN,M,35,Biathlon,1,30.8,1820,9.4,84.6,NA,2,1078,55000,0.88,None,TRUE,FALSE,30.8,8.999999999999998,4.84,None
MC26_1309,Charlotte Robinson,NED,F,31,Alpine Skiing,4,24.2,1914,13.2,67.7,184,1,730,62000,0.85,Silver,FALSE,FALSE,96.8,5.128787878787879,5.27,Medal
MC26_1310,Frida MacDonald,NED,F,25,Cross-Country,3,29.4,1551,8,75.8,NA,2,321,62000,0.85,None,TRUE,FALSE,88.19999999999999,9.475,5.27,None
MC26_1311,Hanna Thompson,NZL,F,42,Ice Hockey,3,20.8,1,9.4,62.4,194,5,NA,50000,0.32,None,FALSE,TRUE,62.400000000000006,6.638297872340425,1.6,None
MC26_1312,Lars Williams,CAN,M,29,Snowboard,2,21.7,1743,15.3,53.9,226,3,432,55000,0.88,None,FALSE,FALSE,43.4,3.522875816993464,4.84,None
MC26_1313,Josh Brown,NOR,M,39,Freestyle Skiing,3,22.1,1385,14.1,63.4,239,6,834,95000,0.97,None,FALSE,FALSE,66.30000000000001,4.49645390070922,9.215,None
MC26_1314,Emma Bauer,GER,F,42,Ice Hockey,3,24.5,69.5,11.9,59.5,160,2,NA,52000,0.88,None,FALSE,TRUE,73.5,5,4.576,None
MC26_1315,Trevor Harris,ITA,M,44,Snowboard,3,19.4,1948,10.1,68,256,5,232,38000,0.82,None,FALSE,FALSE,58.199999999999996,6.732673267326733,3.1159999999999997,None
MC26_1316,Frida Smith,USA,F,44,Cross-Country,0,34.3,1217,9.9,82,NA,1,1053,80000,0.82,None,TRUE,FALSE,0,8.282828282828282,6.56,None
MC26_1317,Pierre Andersen,NOR,M,37,Snowboard,4,22.7,1823,10.7,63.7,212,5,641,95000,0.97,None,FALSE,FALSE,90.8,5.953271028037384,9.215,None
MC26_1318,Therese Koch,AUT,F,28,Snowboard,3,22.8,1707,12.3,59,201,1,NA,56000,0.92,None,FALSE,TRUE,68.4,4.796747967479675,5.152,None
MC26_1319,Rasmus Nilsson,CZE,M,28,Ice Hockey,3,24.5,136,9,61.5,164,5,NA,28000,0.64,Silver,FALSE,TRUE,73.5,6.833333333333333,1.792,Medal
MC26_1320,Sofia White,CHN,F,43,Ski Jumping,4,26.4,634,7,57.8,220,1,317,13000,0.62,None,FALSE,FALSE,105.6,8.257142857142856,0.806,None
MC26_1321,Amelia Campbell,USA,F,34,Ice Hockey,1,24.2,60,12.2,60.5,202,8,NA,80000,0.82,None,FALSE,TRUE,24.2,4.9590163934426235,6.56,None
MC26_1322,Erik Lewis,SWE,M,33,Biathlon,3,27.3,1412,11.9,81.6,209,1,845,56000,0.91,None,FALSE,FALSE,81.9,6.857142857142857,5.096,None
MC26_1323,Jenning de Boo,NED,M,29,Speed Skating,1,32.5,375,9.1,83.9,156,0,949,62000,0.85,Silver,FALSE,FALSE,32.5,9.21978021978022,5.27,Medal
MC26_1324,Kayla Williams,AUT,F,39,Short Track,5,29.6,84,11.8,72.7,156,2,324,56000,0.92,None,FALSE,FALSE,148,6.161016949152542,5.152,None
MC26_1325,Erik Hansen,GER,M,25,Freestyle Skiing,3,19.3,1211,13.2,58.1,209,3,94,52000,0.88,None,FALSE,FALSE,57.900000000000006,4.401515151515152,4.576,None
MC26_1326,Derek White,CAN,M,38,Snowboard,4,25,2396,15.6,64.3,259,1,181,55000,0.88,None,FALSE,FALSE,100,4.121794871794871,4.84,None
MC26_1327,Anja Steiner,SLO,F,22,Curling,0,16.2,60,19.7,51.2,NA,1,NA,32000,0.56,None,TRUE,TRUE,0,2.5989847715736043,1.792,None
MC26_1328,Kyle Thompson,SWE,M,30,Speed Skating,3,28.8,36,11.2,79.1,163,0,571,56000,0.91,None,FALSE,FALSE,86.4,7.0625,5.096,None
MC26_1329,Nathan Chen,USA,M,27,Figure Skating,1,32,76,8.3,59.3,NA,3,NA,80000,0.82,None,TRUE,TRUE,32,7.144578313253011,6.56,None
MC26_1330,Mikaela Shiffrin,USA,F,31,Alpine Skiing,1,27.2,2272,8.2,81.2,180,2,823,80000,0.82,Gold,FALSE,FALSE,27.2,9.902439024390246,6.56,Medal
MC26_1331,Jackie Wiles,USA,F,35,Alpine Skiing,1,24.5,2519,9.3,71.6,187,1,616,80000,0.82,Bronze,FALSE,FALSE,24.5,7.698924731182794,6.56,Medal
MC26_1332,Tanguy Nef,SUI,M,30,Alpine Skiing,1,21.2,1867,10.6,65.7,218,2,265,93000,0.93,Gold,FALSE,FALSE,21.2,6.19811320754717,8.649,Medal
MC26_1333,Nina Morrison,KOR,F,22,Ski Jumping,2,24.1,799,9.1,59.55,204,4,885,35000,0.71,None,FALSE,FALSE,48.2,6.543956043956044,2.485,None
MC26_1334,Quentin Fillon Maillet,FRA,M,34,Biathlon,5,35.7,1729,10.9,89.3,169,1,1333,48000,0.87,Gold,FALSE,FALSE,178.5,8.192660550458715,4.176,Medal
MC26_1335,Lisa Jackson,GER,F,26,Biathlon,5,28.2,1920,12.8,83,194,1,241,52000,0.88,None,FALSE,FALSE,141,6.484375,4.576,None
MC26_1336,Jens Luras Oftebro,NOR,M,27,Nordic Combined,3,21.3,2292,13.5,71.2,214,4,681,95000,0.97,Gold,FALSE,FALSE,63.900000000000006,5.274074074074075,9.215,Medal
MC26_1337,Gus Schumacher,USA,M,24,Cross-Country,4,35.9,1841,11.3,94.1,NA,1,491,80000,0.82,Silver,TRUE,FALSE,143.6,8.327433628318584,6.56,Medal
MC26_1338,Jake Schmidt,CHN,M,39,Speed Skating,1,26.5,333,10.1,68.2,196,0,180,13000,0.62,None,FALSE,FALSE,26.5,6.752475247524753,0.806,None
MC26_1339,Logan Meier,CAN,M,40,Luge,3,18.2,908,11.1,54.7,146,1,607,55000,0.88,None,FALSE,FALSE,54.599999999999994,4.927927927927929,4.84,None
MC26_1340,Jaelin Kauf,USA,F,28,Freestyle Skiing,3,21.1,1947,12.4,68.9,231,3,293,80000,0.82,Silver,FALSE,FALSE,63.300000000000004,5.556451612903226,6.56,Medal
MC26_1341,Lars Bernard,FRA,M,40,Alpine Skiing,2,21.9,2565,8.1,65.7,219,2,305,48000,0.87,None,FALSE,FALSE,43.8,8.111111111111112,4.176,None
MC26_1342,Mathis Desloges,FRA,M,25,Cross-Country,5,36.2,1844,11,96,NA,0,605,48000,0.87,Silver,TRUE,FALSE,181,8.727272727272727,4.176,Medal
MC26_1343,Mia Clark,NED,F,30,Ice Hockey,1,26.8,1,15,63.4,218,6,NA,62000,0.85,None,FALSE,TRUE,26.8,4.226666666666667,5.27,None
MC26_1344,Henrik Anderson,HUN,M,35,Bobsleigh,2,26.4,561,15.4,69,187,2,204,22000,0.26,Bronze,FALSE,FALSE,52.8,4.48051948051948,0.572,Medal
MC26_1345,Therese Davis,CHN,F,42,Short Track,4,26.1,152,12.1,69,178,4,604,13000,0.62,None,FALSE,FALSE,104.4,5.702479338842975,0.806,None
MC26_1346,Jonas Keller,AUT,M,22,Speed Skating,1,26.9,24,9.6,74.8,NA,2,153,56000,0.92,None,TRUE,FALSE,26.9,7.791666666666667,5.152,None
MC26_1347,Brandon Thompson,CAN,M,19,Freestyle Skiing,1,21.8,1911,13.1,66,199,1,771,55000,0.88,Bronze,FALSE,FALSE,21.8,5.038167938931298,4.84,Medal
MC26_1348,Ida Martin,BRA,F,20,Freestyle Skiing,4,21.7,1377,14.5,57.1,203,2,NA,11000,0.04,None,FALSE,TRUE,86.8,3.9379310344827587,0.044,None
MC26_1349,Madison Meier,CZE,F,20,Speed Skating,3,25.6,306,15.4,66.7,163,3,513,28000,0.64,None,FALSE,FALSE,76.80000000000001,4.3311688311688314,1.792,None
MC26_1350,Amelia Simon,NED,F,31,Biathlon,3,28.1,1307,12.4,76.6,204,3,NA,62000,0.85,None,FALSE,TRUE,84.30000000000001,6.177419354838709,5.27,None
MC26_1351,Sofia Andersen,HUN,F,27,Ice Hockey,1,24.7,12,13.5,60.5,173,4,NA,22000,0.26,None,FALSE,TRUE,24.7,4.481481481481482,0.572,None
MC26_1352,Lindsey Vonn,USA,F,42,Alpine Skiing,3,21.4,2257,12.9,61.5,219,2,212,80000,0.82,None,FALSE,FALSE,64.19999999999999,4.767441860465116,6.56,None
MC26_1353,Madison Chock,USA,F,34,Figure Skating,4,26.5,194,14,60.5,NA,1,NA,80000,0.82,Silver,TRUE,TRUE,106,4.321428571428571,6.56,Medal
MC26_1354,Kristin Steiner,CHN,F,31,Cross-Country,5,32.2,1898,7.4,85.6,NA,3,803,13000,0.62,None,TRUE,FALSE,161,11.567567567567567,0.806,None
MC26_1355,Lukas Davis,POL,M,28,Speed Skating,2,28.8,337,9.9,71.1,185,0,319,20000,0.42,None,FALSE,FALSE,57.6,7.181818181818181,0.84,None
MC26_1356,Trevor Martin,FRA,M,37,Ice Hockey,1,23.2,116.5,14.6,62,219,5,NA,48000,0.87,None,FALSE,TRUE,23.2,4.2465753424657535,4.176,None
MC26_1357,Alyssa Clark,NED,F,43,Cross-Country,3,35,1436,8,77.2,NA,1,558,62000,0.85,None,TRUE,FALSE,105,9.65,5.27,None
MC26_1358,Kyle Thomas,CHN,M,39,Biathlon,1,28.4,1515.5,13.8,70.9,206,0,100,13000,0.62,None,FALSE,FALSE,28.4,5.13768115942029,0.806,None
MC26_1359,Eliot Grondin,CAN,M,25,Snowboard,1,23.15,1785,13.6,61.349999999999994,208,6,489,55000,0.88,Silver,FALSE,FALSE,23.15,4.511029411764706,4.84,Medal
MC26_1360,Paula Moltzan,USA,F,32,Alpine Skiing,3,24.3,2266,8.9,70.7,181,3,607,80000,0.82,Bronze,FALSE,FALSE,72.9,7.943820224719101,6.56,Medal
MC26_1361,Kayla Larsen,SWE,F,29,Bobsleigh,0,25.2,820,14.2,61.3,187,0,424,56000,0.91,None,FALSE,FALSE,0,4.316901408450704,5.096,None
MC26_1362,Ingrid Robinson,POL,F,37,Luge,2,21.1,719,14.4,49,143,1,620,20000,0.42,None,FALSE,FALSE,42.2,3.4027777777777777,0.84,None
MC26_1363,Anja Smith,CZE,F,42,Cross-Country,1,29,1533.5,10.7,76,NA,3,1034,28000,0.64,None,TRUE,FALSE,29,7.102803738317758,1.792,None
MC26_1364,Brendan Mackay,CAN,M,28,Freestyle Skiing,1,22.6,1285,12.9,64.4,195,5,771,55000,0.88,Bronze,FALSE,FALSE,22.6,4.992248062015504,4.84,Medal
MC26_1365,Kyle Wilson,KOR,M,26,Alpine Skiing,2,19.4,1813,12,62.5,NA,5,255,35000,0.71,None,TRUE,FALSE,38.8,5.208333333333333,2.485,None
MC26_1366,Kyle Walker,FRA,M,25,Short Track,2,24.8,178,11.6,69,165,3,627,48000,0.87,None,FALSE,FALSE,49.6,5.948275862068965,4.176,None
MC26_1367,Logan Jackson,ITA,M,34,Short Track,3,28.8,253,13.9,73,184,1,327,38000,0.82,None,FALSE,FALSE,86.4,5.251798561151079,3.1159999999999997,None
MC26_1368,Nina Schmidt,CZE,F,19,Speed Skating,4,22.3,210,14.5,70.4,NA,3,175,28000,0.64,None,TRUE,FALSE,89.2,4.855172413793104,1.792,None
MC26_1369,Laura Thompson,AUT,F,23,Ice Hockey,0,24,2,14.5,59.7,190,8,NA,56000,0.92,None,FALSE,TRUE,0,4.117241379310345,5.152,None
MC26_1370,Emily Walker,SUI,F,40,Freestyle Skiing,1,21.4,1964,13.3,61.4,193,4,401,93000,0.93,None,FALSE,FALSE,21.4,4.616541353383458,8.649,None
MC26_1371,Marco Fischer,JPN,M,30,Cross-Country,2,34,1336,8.9,82.2,NA,0,769,35000,0.74,None,TRUE,FALSE,68,9.235955056179776,2.59,None
MC26_1372,Taylor Gruber,KOR,F,29,Ice Hockey,2,25.4,104,13.5,65.1,NA,7,NA,35000,0.71,None,TRUE,TRUE,50.8,4.822222222222222,2.485,None
MC26_1373,Nicolas Thomas,AUS,M,19,Speed Skating,1,29.2,296,12.6,76.8,173,1,725,65000,0.22,None,FALSE,FALSE,29.2,6.095238095238095,1.43,None
MC26_1374,Pierre Bernard,SWE,M,33,Cross-Country,4,28.6,1501,11,77.5,NA,1,893,56000,0.91,None,TRUE,FALSE,114.4,7.045454545454546,5.096,None
MC26_1375,Daniel White,CAN,M,20,Freestyle Skiing,1,20.4,1504,10.3,56.2,255,2,330,55000,0.88,None,FALSE,FALSE,20.4,5.456310679611651,4.84,None
MC26_1376,Rasmus Larsen,NOR,M,40,Freestyle Skiing,4,21.3,1927,13.149999999999999,62.9,201,4,NA,95000,0.97,Bronze,FALSE,TRUE,85.2,4.783269961977187,9.215,Medal
MC26_1377,Cale Davis,BRA,M,34,Ice Hockey,1,23.2,33,8.6,54.5,212,4,NA,11000,0.04,None,FALSE,TRUE,23.2,6.337209302325582,0.044,None
MC26_1378,Klara Harris,FRA,F,41,Ice Hockey,3,24.7,186,14.3,57.3,193,6,NA,48000,0.87,None,FALSE,TRUE,74.1,4.006993006993007,4.176,None
MC26_1379,Lou Jeanmonnot,FRA,F,28,Biathlon,4,34.5,1517,12.3,91.6,NA,1,236,48000,0.87,Silver,TRUE,FALSE,138,7.447154471544715,4.176,Medal
MC26_1380,Andrew Harris,NOR,M,19,Freestyle Skiing,0,19.8,2096,15.2,58.3,235,5,424,95000,0.97,None,FALSE,FALSE,0,3.835526315789474,9.215,None
MC26_1381,Therese Martin,GER,F,31,Short Track,0,27.7,82,11.8,64.7,148,3,536,52000,0.88,None,FALSE,FALSE,0,5.483050847457627,4.576,None
MC26_1382,Kristin Larsen,AUT,F,43,Bobsleigh,3,25.5,631,11.2,69.2,165,3,219,56000,0.92,Silver,FALSE,FALSE,76.5,6.178571428571429,5.152,Medal
MC26_1383,Lisa Martin,JPN,F,24,Alpine Skiing,2,26.2,1835,9.2,63.8,177,3,745,35000,0.74,None,FALSE,FALSE,52.4,6.934782608695652,2.59,None
MC26_1384,Laurent Dubreuil,CAN,M,34,Speed Skating,1,31.9,371,15,82.8,192,2,380,55000,0.88,Bronze,FALSE,FALSE,31.9,5.52,4.84,Medal
MC26_1385,Emily Taylor,CZE,F,27,Alpine Skiing,2,24.3,2386,10.1,67.1,NA,5,704,28000,0.64,None,TRUE,FALSE,48.6,6.643564356435643,1.792,None
MC26_1386,Patrick Roest,NED,M,30,Speed Skating,5,24.6,326,11.2,74.8,171,3,1033,62000,0.85,None,FALSE,FALSE,123,6.678571428571429,5.27,None
MC26_1387,Abigail Muller,FIN,F,26,Cross-Country,5,35,1907,9.8,86.6,NA,1,943,53000,0.9,None,TRUE,FALSE,175,8.836734693877549,4.77,None
MC26_1388,Elena Stewart,GER,F,22,Speed Skating,0,27.5,96,11.9,67.3,172,3,659,52000,0.88,None,FALSE,FALSE,0,5.655462184873949,4.576,None
MC26_1389,Maria Murray,AUS,F,19,Alpine Skiing,1,20.5,1848,12.9,55.6,199,1,NA,65000,0.22,None,FALSE,TRUE,20.5,4.310077519379845,1.43,None
MC26_1390,Rachel Thomas,CZE,F,36,Ice Hockey,3,23.3,155,9.6,62.4,208,4,NA,28000,0.64,None,FALSE,TRUE,69.9,6.5,1.792,None
